case_id,case_type,problem_category,dice_score,baseline_volume,gt_volume,volume_ratio,num_components_baseline,num_components_gt,largest_component_baseline,largest_component_gt,fragmentation_baseline,compactness,com_distance,shape
DUKE_019,OTHER,GOOD,0.7411338432822164,10148,17175,0.5908588064046579,1,27,10148,17131,0.09854158454867955,0.309390243902439,0.8653621621343208,"[320, 320, 160]"
DUKE_021,OTHER,MODERATE,0.5535327087509716,9965,14478,0.6882856748169637,3,9,9620,14455,0.3010536879076769,0.08488798023681744,8.67447737378449,"[512, 512, 176]"
DUKE_028,OTHER,EXCELLENT,0.9558135667214103,186518,198306,0.9405565136707916,1,73,186518,198168,0.0053614128395114685,0.4248856450348988,1.1623640044757664,"[448, 448, 208]"
DUKE_044,OTHER,GOOD,0.7978666666666666,3028,4472,0.6771019677996423,1,2,3028,4471,0.33025099075297226,0.5293706293706294,1.721908737860448,"[448, 448, 128]"
DUKE_046,OTHER,EXCELLENT,0.8488259323478414,74092,62016,1.1947239422084623,12,43,74034,61129,0.1619608054850726,0.12250661375661376,2.223111336159382,"[448, 448, 256]"
DUKE_055,OTHER,EXCELLENT,0.8824546240276577,3415,3527,0.9682449673943861,2,9,3355,3508,0.5856515373352855,0.04250684590490416,3.8002381029700993,"[512, 512, 170]"
DUKE_057,OTHER,EXCELLENT,0.8153675440670874,142455,132410,1.0758628502378975,28,382,140908,130274,0.19655329753255413,0.20681019714874713,7.536627647745982,"[448, 448, 112]"
DUKE_060,OTHER,EXCELLENT,0.8829557713052859,13174,16490,0.7989084293511219,2,23,13167,16443,0.1518141794443601,0.010998772719303372,1.5473541250895808,"[512, 512, 178]"
DUKE_069,OTHER,EXCELLENT,0.8529067499024581,3874,3815,1.015465268676278,1,9,3874,3805,0.2581311306143521,0.3660241874527589,1.4216500572775304,"[512, 512, 196]"
DUKE_086,OTHER,GOOD,0.7835539864666078,29208,38772,0.7533271432992882,17,19,15195,33193,0.5820323199123528,0.015044968012444756,8.793069714146581,"[448, 448, 208]"
DUKE_099,OTHER,EXCELLENT,0.8011556478079156,18085,17566,1.029545713309803,12,59,14927,17080,0.6635333149018523,0.008839198435972629,50.96585631276333,"[512, 512, 148]"
DUKE_101,OTHER,GOOD,0.6568698722608786,10524,8734,1.2049461873139455,3,33,10515,8664,0.28506271379703535,0.01119126817358163,3.1071099838962444,"[448, 448, 160]"
DUKE_116,OTHER,EXCELLENT,0.8669511249030256,14378,16558,0.8683415871482063,4,51,13576,16212,0.2782028098483795,0.011384222661396574,13.473459697416322,"[448, 448, 176]"
DUKE_120,OTHER,MODERATE,0.5439019862632263,3209,2178,1.4733700642791552,7,11,1498,2140,2.181364911187286,0.0007686625224203217,141.14091350477548,"[448, 448, 60]"
DUKE_134,OTHER,EXCELLENT,0.8314907872696817,1630,1355,1.2029520295202951,3,2,1419,1268,1.8404907975460123,0.002533589490111229,20.179453672765582,"[512, 512, 142]"
DUKE_136,OTHER,EXCELLENT,0.9114611624117328,6505,6382,1.0192729551864619,10,10,6110,6350,1.5372790161414296,0.008303972630718954,19.09906012609092,"[512, 512, 170]"
DUKE_157,OTHER,EXCELLENT,0.9149384079871605,22008,25969,0.847471985829258,1,51,22008,25862,0.04543802253725918,0.4202085004009623,0.5612022438566235,"[448, 448, 176]"
DUKE_163,OTHER,EXCELLENT,0.8678689053179484,78697,94979,0.8285726318449341,3,138,75424,94656,0.0381208940620354,0.05193287403653257,8.514601084726639,"[512, 512, 150]"
DUKE_167,OTHER,MODERATE,0.39894959064929714,23698,15144,1.5648441627047016,8,101,7970,14603,0.3375812304835851,0.0018771733878314046,185.373111459981,"[512, 512, 176]"
DUKE_189,OTHER,EXCELLENT,0.8888756159474391,15992,17493,0.9141942491282227,1,45,15992,17383,0.0625312656328164,0.24378792036342573,3.2540146084989914,"[448, 448, 160]"
DUKE_205,OTHER,EXCELLENT,0.8799609084763008,66712,82681,0.8068601008696072,6,126,66606,82153,0.08993884158772035,0.18167755991285403,3.086584344237728,"[512, 512, 160]"
DUKE_234,OTHER,EXCELLENT,0.8446424198607694,43427,42330,1.0259154264115284,3,46,39535,42102,0.06908144702604371,0.01799247603185257,23.690776195688695,"[512, 512, 192]"
DUKE_237,OTHER,EXCELLENT,0.8988853901134602,10490,9517,1.1022381002416728,3,1,10225,9517,0.2859866539561487,0.04265059849076243,2.966998402665981,"[320, 320, 144]"
DUKE_244,OTHER,EXCELLENT,0.9130180481283422,12306,11630,1.0581255374032674,3,1,12304,11630,0.24378352023403219,0.4330049261083744,0.3887161501648188,"[512, 512, 156]"
DUKE_253,OTHER,EXCELLENT,0.8223133131349135,5259,5963,0.8819386214992454,4,17,4647,5928,0.7606008746910058,0.013992656449553002,11.73570257546925,"[448, 448, 208]"
DUKE_271,OTHER,EXCELLENT,0.9377136152629699,9962,9641,1.0332953013172907,2,1,9961,9641,0.2007628990162618,0.4919506172839506,0.6095311803976721,"[320, 320, 160]"
DUKE_283,OTHER,VERY_POOR,0.07514582329962005,143507,5989,23.961763232593086,26,10,103242,5977,0.18117583114412536,0.012958220040973066,173.07500956932728,"[512, 512, 176]"
DUKE_285,OTHER,MODERATE,0.5510923506930581,59541,28114,2.1178416447321617,4,15,26192,27965,0.06718059824322736,0.01436324653131251,150.82696374444652,"[512, 512, 176]"
DUKE_287,OTHER,GOOD,0.7203720443408345,32293,51783,0.6236216518934785,21,892,29898,40138,0.6502957297247082,0.06726545201558898,10.480771406281622,"[512, 512, 166]"
DUKE_303,OTHER,MODERATE,0.5928214180641365,25793,14995,1.7201067022340781,8,26,12109,14924,0.31016167177141085,0.009540157950957678,175.1099625225701,"[512, 512, 168]"
DUKE_307,OTHER,EXCELLENT,0.8740200348432056,8742,9626,0.9081653854145024,9,20,8703,9551,1.029512697323267,0.21642899584076056,1.2821004956917328,"[448, 448, 208]"
DUKE_317,OTHER,EXCELLENT,0.9492697067677556,21619,23226,0.9308102988030655,1,45,21619,23137,0.04625560849252972,0.3185823754789272,0.2963168645888828,"[512, 512, 168]"
DUKE_323,OTHER,EXCELLENT,0.8839990972692394,4787,4075,1.1747239263803682,1,1,4787,4075,0.20889910173386256,0.3666513480392157,0.5314592028078264,"[448, 448, 128]"
DUKE_346,OTHER,EXCELLENT,0.8872169055557961,43802,48570,0.9018324068354951,3,32,43048,48443,0.06849002328660792,0.037537707390648566,3.2518460239984543,"[512, 512, 176]"
DUKE_353,OTHER,MODERATE,0.3994893017522233,4710,18004,0.2616085314374583,5,43,4676,17916,1.0615711252653928,0.1440014675308793,9.25720554255002,"[448, 448, 176]"
DUKE_377,OTHER,EXCELLENT,0.8378656870211908,11915,10406,1.1450124927926197,8,36,10753,10252,0.6714225765841377,0.04499248551857474,18.185451493053446,"[512, 512, 176]"
DUKE_383,OTHER,EXCELLENT,0.801787048109327,229315,341011,0.6724563137259502,5,563,228772,339096,0.021804068639208075,0.07675379141605332,4.760856154465515,"[512, 512, 146]"
DUKE_385,OTHER,MODERATE,0.43741554476752914,63624,36281,1.7536451586229707,33,74,36168,29844,0.5186721991701244,0.006245092188334328,129.85628896010897,"[448, 448, 240]"
DUKE_397,OTHER,GOOD,0.6514664523905183,6106,3850,1.585974025974026,11,11,3598,3789,1.8015067147068458,0.05746282702804442,15.813577040047083,"[512, 512, 180]"
DUKE_398,OTHER,GOOD,0.6527350952673633,4154,2354,1.7646559048428208,2,11,2304,2342,0.4814636494944632,0.004765723503139481,90.01762226387216,"[448, 448, 144]"
DUKE_408,OTHER,GOOD,0.7270501835985312,729,905,0.8055248618784531,1,1,729,905,1.0,0.2571428571428571,2.077835213432644,"[512, 512, 186]"
DUKE_414,OTHER,EXCELLENT,0.8556462877404104,16799,20429,0.822311420040139,4,183,16680,19557,0.23810941127448063,0.003225089309574785,2.5954230775003073,"[512, 512, 176]"
DUKE_420,OTHER,EXCELLENT,0.9721825876662636,163393,167407,0.976022508019378,2,9,163300,167393,0.012240426456457744,0.20672322066814694,0.27860282726770974,"[320, 320, 160]"
DUKE_424,OTHER,MODERATE,0.5415472779369628,12872,6672,1.9292565947242206,6,1,6931,6672,0.4661280298321939,0.005008640215661028,147.51464948844372,"[512, 512, 170]"
DUKE_428,OTHER,MODERATE,0.5510464251566982,10471,8355,1.2532615200478756,5,14,5197,8329,0.47750931143157294,0.0030425580384435677,60.7266988099536,"[448, 448, 160]"
DUKE_431,OTHER,MODERATE,0.3302611367127496,3166,740,4.278378378378378,27,1,1325,740,8.528111181301327,0.002759820637809717,54.885491715189275,"[320, 320, 160]"
DUKE_438,OTHER,POOR,0.18378177078484312,37039,5925,6.251308016877637,3,74,28760,5227,0.08099570722751694,0.007677065391542978,96.97327857853945,"[512, 512, 162]"
DUKE_457,OTHER,GOOD,0.7890961262553802,2829,4141,0.6831683168316832,4,44,2825,3984,1.4139271827500883,0.27573099415204677,1.619696174218721,"[320, 320, 160]"
DUKE_470,OTHER,GOOD,0.6700313637838422,16606,11133,1.491601544956436,8,1,10621,11133,0.48175358304227384,0.002694834278889221,26.251184173441732,"[512, 512, 200]"
DUKE_480,OTHER,EXCELLENT,0.8282382870468518,25047,22123,1.1321701396736428,8,9,20113,22097,0.3193995288856949,0.013112555322764553,52.86830384759427,"[512, 512, 176]"
DUKE_482,OTHER,GOOD,0.7860600193610843,2162,3003,0.71994671994672,1,1,2162,3003,0.46253469010175763,0.1843137254901961,1.7278115533444265,"[448, 448, 208]"
DUKE_508,OTHER,GOOD,0.782258064516129,26060,30980,0.841187863137508,6,91,23312,30426,0.23023791250959325,0.07581576129963227,16.15613386424474,"[512, 512, 174]"
DUKE_514,OTHER,EXCELLENT,0.8100282485875706,11649,8175,1.424954128440367,8,7,9078,8154,0.6867542278307152,0.012543340152901906,51.2095635249515,"[512, 512, 174]"
DUKE_525,OTHER,EXCELLENT,0.9627787766344057,12707,13434,0.9458835789787108,1,11,12707,13408,0.07869678130164476,0.42712605042016805,0.11515438419255691,"[512, 512, 196]"
DUKE_539,OTHER,GOOD,0.7559314922184925,50679,54185,0.9352957460551813,55,299,36493,51528,1.0852621401369402,0.02423302029340321,3.323182290423541,"[512, 512, 182]"
DUKE_541,OTHER,EXCELLENT,0.9048105142273829,7930,7744,1.0240185950413223,4,1,7905,7744,0.5044136191677175,0.009262633624878523,0.7046147402596021,"[448, 448, 160]"
DUKE_559,OTHER,MODERATE,0.3907744146865741,66382,19683,3.372554996697658,4,1,49137,19683,0.06025729866530083,0.06428159876050064,175.19674467164617,"[448, 448, 160]"
DUKE_560,OTHER,EXCELLENT,0.8390697674418605,30069,22606,1.3301335928514553,20,3,24224,22604,0.6651368519072799,0.003268334039847393,64.72179126758006,"[512, 512, 142]"
DUKE_562,OTHER,EXCELLENT,0.9382318618969056,24780,24922,0.9943022229355589,2,10,24083,24905,0.08071025020177562,0.006030231463061182,7.687776363304189,"[448, 448, 208]"
DUKE_567,OTHER,GOOD,0.7211699832174538,45692,33557,1.3616235062729087,7,74,28748,33278,0.1531996848463626,0.004851303286085895,123.00150117106416,"[512, 512, 190]"
DUKE_568,OTHER,EXCELLENT,0.8541424802110817,8493,10457,0.8121832265468107,3,11,8488,10440,0.35323207347227126,0.008913746670333062,3.2430651167493427,"[448, 448, 160]"
DUKE_573,OTHER,GOOD,0.6562937606970592,11805,7476,1.5790529695024078,7,10,7257,7431,0.5929690808979247,0.004950488821456564,122.11984043806427,"[512, 512, 174]"
DUKE_585,OTHER,GOOD,0.7469038317679328,6013,6018,0.9991691591890993,2,61,5077,5773,0.3326126725428239,0.2502913752913753,2.563014925069301,"[512, 512, 144]"
DUKE_592,OTHER,GOOD,0.7888013164732375,74764,63788,1.1720699818147613,13,49,60808,61842,0.17388047723503292,0.026958710955050307,48.64543557442277,"[512, 512, 160]"
DUKE_605,OTHER,EXCELLENT,0.8317661488143908,8317,11251,0.7392231801617634,1,16,8317,11220,0.12023566189731874,0.46672278338945006,1.9888929422672057,"[448, 448, 160]"
DUKE_609,OTHER,EXCELLENT,0.8645595032447827,11158,10261,1.087418380274827,1,1,11158,10261,0.08962179602079226,0.27314565483476133,1.4486332926147192,"[512, 512, 168]"
DUKE_614,OTHER,GOOD,0.6249200109699241,4688,6251,0.7499600063989762,31,20,3463,6214,6.612627986348123,0.008655514936671467,37.08889386640481,"[320, 320, 144]"
DUKE_615,OTHER,EXCELLENT,0.8323147440794499,5967,4505,1.3245283018867924,2,4,5044,4501,0.33517680576504105,0.020108783565189258,40.44557644995928,"[512, 512, 200]"
DUKE_640,OTHER,GOOD,0.7863769817968291,4793,3722,1.2877485222998388,3,1,4069,3722,0.6259127894846651,0.00833043659621802,27.590865624977546,"[512, 512, 142]"
DUKE_642,OTHER,EXCELLENT,0.9030247955342074,4009,3694,1.0852734163508393,2,8,3879,3678,0.49887752556747317,0.005302910052910053,7.711478138836629,"[512, 512, 156]"
DUKE_651,OTHER,POOR,0.17984496124031008,1719,216,7.958333333333333,5,4,950,213,2.9086678301337985,0.006588024282560706,51.63266471843529,"[320, 320, 160]"
DUKE_663,OTHER,EXCELLENT,0.9455375281774413,18410,17523,1.0506191862124066,1,11,18410,17512,0.054318305268875614,0.33409552845528456,0.32991632425181444,"[512, 512, 160]"
DUKE_670,OTHER,GOOD,0.7641073080481036,5486,4243,1.2929530992222484,2,8,3970,4230,0.36456434560699963,0.0008717899822018816,89.70293199637808,"[512, 512, 148]"
DUKE_687,OTHER,EXCELLENT,0.8973712639539071,5670,5438,1.0426627436557558,1,7,5670,5426,0.1763668430335097,0.39901477832512317,0.5363520006180558,"[512, 512, 176]"
DUKE_691,OTHER,POOR,0.14716945423576447,23423,61119,0.3832359822641077,2,122,16708,60527,0.08538615890364172,0.04212891018446574,68.60881000596993,"[512, 512, 146]"
DUKE_718,OTHER,MODERATE,0.5320609904688158,60642,27175,2.231536338546458,11,98,35291,26839,0.18139243428646812,0.060773757506273604,115.97806142786523,"[448, 448, 128]"
DUKE_754,OTHER,MODERATE,0.5846063454759107,17745,9487,1.8704543058922736,5,42,8215,9395,0.28176951253874327,0.010173718610251119,77.07543803093706,"[448, 448, 208]"
DUKE_757,OTHER,EXCELLENT,0.947547974413646,14710,15775,0.9324881141045959,1,21,14710,15737,0.06798096532970768,0.44414251207729466,0.26970532309690376,"[512, 512, 182]"
DUKE_775,OTHER,EXCELLENT,0.8361217395653587,20239,19748,1.0248632772939033,5,14,20015,19728,0.2470477790404664,0.13689799783549783,1.9539354879641506,"[512, 512, 192]"
DUKE_780,OTHER,EXCELLENT,0.8483186607013999,3729,3200,1.1653125,5,2,3642,3199,1.3408420488066506,0.004044117647058824,4.645003653350051,"[448, 448, 208]"
DUKE_789,OTHER,MODERATE,0.32003474592045666,39215,9136,4.292359894921191,12,26,29791,9079,0.3060053550937141,0.014375,229.70643668184158,"[512, 512, 186]"
DUKE_799,OTHER,EXCELLENT,0.9235758835758836,12105,11945,1.0133947258267058,10,1,11623,11945,0.8261049153242461,0.02047357293868922,7.195634758078889,"[448, 448, 176]"
DUKE_817,OTHER,MODERATE,0.47854407642809205,31407,69917,0.4492040562381109,8,29,24380,69470,0.2547202852867195,0.004845570299880122,57.50419950538994,"[512, 512, 156]"
DUKE_832,OTHER,EXCELLENT,0.8208300758013529,12189,17230,0.7074289030760301,1,21,12189,17193,0.0820411846747067,0.43575718575718575,3.4669242551698076,"[512, 512, 158]"
DUKE_836,OTHER,GOOD,0.6966498393758604,2532,1826,1.3866374589266155,1,3,2532,1824,0.3949447077409163,0.5135902636916836,1.7932370115802438,"[512, 512, 142]"
DUKE_839,OTHER,GOOD,0.7859850455619807,26537,40734,0.6514705160308342,1,35,26537,40646,0.03768323472886913,0.27130617920091604,0.8756901484481007,"[512, 512, 172]"
DUKE_847,OTHER,VERY_POOR,0.0,6943,5929,1.1710237814133917,1,4,6943,5926,0.14402995823131212,0.5247921390778534,96.9689171911698,"[448, 448, 160]"
DUKE_869,OTHER,EXCELLENT,0.8937264947947894,43912,47823,0.9182192668799531,1,51,43912,47673,0.02277281836400073,0.41844863731656184,1.2171440254422439,"[512, 512, 168]"
DUKE_882,OTHER,EXCELLENT,0.8930606771706336,10839,10042,1.0793666600278828,1,2,10839,10041,0.09225943352707815,0.22874327318771764,0.32782121428398986,"[512, 512, 172]"
DUKE_883,OTHER,MODERATE,0.53383381675482,21163,8142,2.5992385163350527,2,3,13030,8140,0.09450455984501252,0.05278925207535121,54.55622892134082,"[448, 448, 160]"
DUKE_915,OTHER,GOOD,0.7516281158769369,79178,63318,1.2504816955684008,12,48,58953,63045,0.15155725075147136,0.0417705725793901,54.19696836568352,"[512, 512, 160]"
ISPY1_1005,ISPY,EXCELLENT,0.8327036331889791,53616,47755,1.1227306041252225,28,29,52767,47091,0.5222321695016413,0.15090346186321418,3.615440028302394,"[256, 256, 60]"
ISPY1_1007,ISPY,GOOD,0.788631074123704,5911,8268,0.7149250120948234,2,1,5750,8268,0.3383522246658772,0.23712291399229782,1.1117738997845996,"[256, 256, 64]"
ISPY1_1017,ISPY,EXCELLENT,0.8485903573673775,9301,11378,0.8174547372121638,1,2,9301,11376,0.10751532093323299,0.461359126984127,1.2660620739944797,"[256, 256, 60]"
ISPY1_1027,ISPY,EXCELLENT,0.9249782419495213,16222,18248,0.8889741341516879,1,3,16222,18244,0.06164468006411046,0.5118318924717612,0.9203567785699324,"[256, 256, 56]"
ISPY1_1036,ISPY,GOOD,0.7610178867785359,8850,12842,0.6891449929917458,3,2,8841,12804,0.33898305084745767,0.1370308435525827,4.777593042254798,"[256, 256, 60]"
ISPY1_1040,ISPY,EXCELLENT,0.9571522842254568,66345,65494,1.012993556661679,1,6,66345,65385,0.015072725902479463,0.30838632307005803,0.4135021269159198,"[256, 256, 64]"
ISPY1_1042,ISPY,EXCELLENT,0.811745416604561,3879,2830,1.370671378091873,1,2,3879,2811,0.25779840164990975,0.3110665597433841,1.5730556771798085,"[256, 256, 64]"
ISPY1_1051,ISPY,EXCELLENT,0.8460955542725174,25500,29924,0.8521588022991579,6,3,25449,29895,0.23529411764705882,0.23795526441029086,2.6213187580261463,"[256, 256, 60]"
ISPY1_1053,ISPY,GOOD,0.7426751592356687,1883,1257,1.498011137629276,1,1,1883,1257,0.5310674455655868,0.5337301587301587,1.6337317838760386,"[256, 256, 64]"
ISPY1_1072,ISPY,GOOD,0.7780721118469462,7726,5864,1.3175306957708048,3,2,7723,5840,0.38829924928811804,0.22623056425873328,0.9307703374652978,"[256, 256, 64]"
ISPY1_1074,ISPY,GOOD,0.7524530417717971,1907,1660,1.1487951807228916,1,2,1907,1659,0.5243838489774515,0.2952012383900929,1.0401110556724444,"[256, 256, 64]"
ISPY1_1082,ISPY,GOOD,0.7848871213007369,4097,4452,0.9202605570530099,1,4,4097,4414,0.24408103490358796,0.2273837273837274,2.9014516766077945,"[256, 256, 64]"
ISPY1_1084,ISPY,EXCELLENT,0.8755853135530174,35677,32876,1.085198929310135,2,1,31061,32876,0.05605852510020461,0.10072557876905704,14.491949071309811,"[256, 256, 54]"
ISPY1_1087,ISPY,EXCELLENT,0.8651087832393232,6455,5955,1.0839630562552476,2,2,6318,5944,0.30983733539891556,0.08980994518184601,1.8884580750852387,"[256, 256, 62]"
ISPY1_1089,ISPY,EXCELLENT,0.8524614146733962,116317,116090,1.0019553794469809,8,18,116021,115843,0.06877756475837582,0.2242601268629379,3.061583710685603,"[256, 256, 60]"
ISPY1_1090,ISPY,EXCELLENT,0.83175557225144,9873,10092,0.9782996432818074,2,1,9625,10092,0.20257267294641954,0.19477982954545456,1.2721631768990804,"[256, 256, 64]"
ISPY1_1094,ISPY,EXCELLENT,0.837582056892779,18457,18103,1.0195547699276364,2,2,18409,18092,0.10835997182640732,0.16440418292270145,3.1703772051126493,"[256, 256, 60]"
ISPY1_1097,ISPY,EXCELLENT,0.9131530320846631,21184,20487,1.0340215746570995,1,2,21184,20479,0.04720543806646525,0.47285714285714286,0.7140010263104708,"[256, 256, 64]"
ISPY1_1101,ISPY,GOOD,0.6174131798860711,24282,44884,0.5409945637643704,2,21,24275,44554,0.08236553825879252,0.17387008076989174,11.351483740707613,"[256, 256, 60]"
ISPY1_1103,ISPY,GOOD,0.7257465253887436,6595,7939,0.8307091573246,1,6,6595,7933,0.1516300227445034,0.40042501517911355,6.374562363319361,"[512, 512, 44]"
ISPY1_1114,ISPY,EXCELLENT,0.8345072855920175,78617,109494,0.7180028129395218,2,1,78610,109494,0.0254397903761273,0.3930358705161855,2.8029935764539617,"[512, 512, 44]"
ISPY1_1139,ISPY,EXCELLENT,0.8574048459039834,103464,89565,1.1551833863674426,12,18,103401,89140,0.1159823706796567,0.2140622672426635,1.2402749036804817,"[256, 256, 64]"
ISPY1_1140,ISPY,MODERATE,0.5238579895827097,23462,9944,2.359412711182623,9,17,22731,7615,0.38359901116699346,0.09215529160382102,20.821090950389255,"[256, 256, 60]"
ISPY1_1141,ISPY,EXCELLENT,0.9181143202245196,28705,27593,1.0403000761062589,8,2,28685,27588,0.27869709109911167,0.19114493853796263,0.2752056669423719,"[256, 256, 50]"
ISPY1_1145,ISPY,EXCELLENT,0.8860429645291027,127594,128757,0.9909674813796532,14,12,127096,128598,0.10972302772857659,0.18496387526238273,2.3486313804363914,"[256, 256, 66]"
ISPY1_1148,ISPY,EXCELLENT,0.8520018841262365,5273,5342,0.987083489329839,1,1,5273,5342,0.1896453631708705,0.30322024151811383,0.8008363335495761,"[256, 256, 64]"
ISPY1_1149,ISPY,GOOD,0.7517802644964394,2386,3512,0.679384965831435,1,1,2386,3512,0.4191114836546521,0.46026234567901236,1.8981570357686768,"[256, 256, 64]"
ISPY1_1150,ISPY,EXCELLENT,0.8880354505169867,19344,17891,1.081214018221452,4,7,19285,17845,0.20678246484698096,0.23808293025144925,1.1375440312848708,"[256, 256, 64]"
ISPY1_1151,ISPY,EXCELLENT,0.887408610885459,3389,2766,1.225234996384671,1,2,3389,2756,0.29507229271171437,0.5217056650246306,0.2677004202875954,"[256, 256, 64]"
ISPY1_1156,ISPY,EXCELLENT,0.8038432047838733,103334,130117,0.7941621771175174,15,1,102843,130117,0.145160353804169,0.15729020159399906,7.597338385159262,"[512, 512, 44]"
ISPY1_1159,ISPY,EXCELLENT,0.9429968257856436,49975,48002,1.041102454064414,1,1,49975,48002,0.02001000500250125,0.37688536953242835,0.7651366839768646,"[256, 256, 64]"
ISPY1_1160,ISPY,GOOD,0.6263342453084659,11447,14504,0.7892305570877,3,3,8448,14502,0.2620774001921901,0.012708609036246236,43.37849871481398,"[256, 256, 240]"
ISPY1_1161,ISPY,EXCELLENT,0.920172234148056,38698,40961,0.9447523253826811,1,1,38698,40961,0.025841128740503386,0.29574095727201166,0.9673263012474264,"[256, 256, 60]"
ISPY1_1164,ISPY,EXCELLENT,0.936536779056464,7359,7500,0.9812,1,1,7359,7500,0.1358880282647099,0.3982142857142857,0.3148184067660214,"[256, 256, 64]"
ISPY1_1167,ISPY,GOOD,0.6331148667796181,63444,102409,0.6195158628636155,15,26,54289,102210,0.23642897673538868,0.038434137830764756,20.34746723183493,"[256, 256, 240]"
ISPY1_1169,ISPY,EXCELLENT,0.9538417195091823,23907,24665,0.9692681937968781,1,1,23907,24665,0.04182875308487054,0.609996938150643,1.3696728487571728,"[512, 512, 44]"
ISPY1_1173,ISPY,EXCELLENT,0.8763665079090887,80359,81733,0.9831891647192689,7,8,80347,81706,0.08710909792307023,0.19649214608477925,2.0006527535038523,"[256, 256, 60]"
ISPY1_1175,ISPY,EXCELLENT,0.9516812658943204,57313,55935,1.0246357379100741,1,7,57313,55924,0.017448048435782456,0.43893790399166743,0.44592157544754873,"[256, 256, 64]"
ISPY1_1176,ISPY,EXCELLENT,0.9101860687022901,8626,8142,1.0594448538442642,1,1,8626,8142,0.1159285879897983,0.31010928961748635,0.6783118798183266,"[256, 256, 58]"
ISPY1_1179,ISPY,EXCELLENT,0.8796115532862793,20162,19792,1.0186944219886822,1,3,20162,19757,0.049598254141454225,0.4709317263448018,1.5476901477045637,"[512, 512, 44]"
ISPY1_1180,ISPY,EXCELLENT,0.9085271317829458,3688,4052,0.910167818361303,1,1,3688,4052,0.27114967462039047,0.5880102040816326,0.8881361387881859,"[256, 256, 52]"
ISPY1_1181,ISPY,GOOD,0.7925453573044802,54512,67023,0.8133327365232831,8,29,54227,66831,0.146756677428823,0.10654532945554618,4.742738127548767,"[256, 256, 64]"
ISPY1_1183,ISPY,GOOD,0.7843936965388094,50438,75588,0.6672752288723077,9,3,50253,75573,0.17843689281890637,0.2057954693824259,1.1476625927116362,"[512, 512, 44]"
ISPY1_1187,ISPY,EXCELLENT,0.9308706698390934,60636,63349,0.9571737517561445,1,1,60636,63349,0.016491853024605842,0.5049633577614924,2.2553178648730463,"[256, 256, 54]"
ISPY1_1191,ISPY,EXCELLENT,0.8608319158806247,5753,7181,0.8011419022420275,1,4,5753,6861,0.17382235355466713,0.45731319554848965,0.9775106424109702,"[256, 256, 56]"
ISPY1_1193,ISPY,EXCELLENT,0.9162341581170791,8494,8076,1.0517582961862308,1,1,8494,8076,0.1177301624676242,0.44691150163106386,0.5197356073213378,"[256, 256, 64]"
ISPY1_1194,ISPY,EXCELLENT,0.9179536176496135,176104,169286,1.0402750375104852,6,18,176006,169100,0.034070776359423974,0.23944872296915112,2.3565779384658434,"[256, 256, 60]"
ISPY1_1199,ISPY,EXCELLENT,0.9137978851613359,97974,100339,0.976429902630084,2,1,97929,100339,0.02041357911282585,0.40353059408876735,1.5572071265650727,"[256, 256, 64]"
ISPY1_1201,ISPY,EXCELLENT,0.8387042584763558,19413,16304,1.190689401373896,3,1,19269,16304,0.15453562046051614,0.28548529411764706,4.9368208869886985,"[512, 512, 44]"
ISPY1_1202,ISPY,GOOD,0.6994755949979831,4270,3167,1.3482791285127882,1,1,4270,3167,0.234192037470726,0.2946859903381642,7.062338442630211,"[512, 512, 44]"
ISPY1_1203,ISPY,EXCELLENT,0.8467133099195265,15912,20249,0.7858165835349894,5,2,15700,20247,0.314228255404726,0.19220641171212524,0.06913329984011639,"[256, 256, 64]"
ISPY1_1208,ISPY,GOOD,0.7779445552441275,143623,192820,0.7448553054662379,25,6,142621,192551,0.17406682773650461,0.15458292971693036,5.938152766108795,"[256, 256, 64]"
ISPY1_1210,ISPY,EXCELLENT,0.8981913959613697,27880,29070,0.9590643274853801,2,2,27877,28956,0.07173601147776183,0.2658276125095347,1.2787115734151102,"[256, 256, 64]"
ISPY1_1215,ISPY,EXCELLENT,0.9331687835313073,28433,29908,0.9506820917480273,1,1,28433,29908,0.03517040059086273,0.42919031517932615,0.8993785205099573,"[256, 256, 60]"
ISPY1_1218,ISPY,GOOD,0.7287268206775096,17679,30586,0.5780095468515006,1,3,17679,30479,0.05656428531025511,0.3551711668273867,4.181195883875753,"[512, 512, 44]"
ISPY1_1219,ISPY,EXCELLENT,0.898518158629904,16958,15974,1.0616001001627644,1,1,16958,15974,0.05896921806816842,0.3716577540106952,0.4866617008603407,"[256, 256, 64]"
ISPY1_1221,ISPY,GOOD,0.7875414546672284,149286,220998,0.6755083756414085,13,7,149207,220972,0.08708117305038651,0.2864,11.911026034350233,"[256, 256, 64]"
ISPY1_1222,ISPY,EXCELLENT,0.8467050156423453,10342,9476,1.0913887716336006,1,3,10342,9456,0.09669309611293753,0.2868872922965963,0.9207933462785689,"[256, 256, 60]"
ISPY1_1224,ISPY,EXCELLENT,0.9241474694212732,11951,11186,1.06838905775076,1,1,11951,11186,0.08367500627562546,0.5038789105320853,1.1933298513307644,"[512, 512, 48]"
ISPY1_1225,ISPY,EXCELLENT,0.8474215842636895,2775,2868,0.9675732217573222,1,1,2775,2868,0.3603603603603604,0.3208463406174124,1.5849513697556588,"[256, 256, 64]"
ISPY1_1227,ISPY,MODERATE,0.5559642669469259,4110,3502,1.1736150770988008,2,5,2903,3270,0.48661800486618,0.024325284090909092,35.43791079499383,"[256, 256, 60]"
ISPY1_1230,ISPY,EXCELLENT,0.8721145223254321,43514,46809,0.9296075541028435,2,9,43501,46715,0.04596221905593602,0.31963624610683433,3.9913807113410678,"[512, 512, 54]"
ISPY1_1231,ISPY,MODERATE,0.590501744030051,12153,6482,1.874884294970688,8,16,11932,6291,0.6582736772813297,0.12360030511060259,6.006967982875595,"[256, 256, 60]"
ISPY1_1233,ISPY,EXCELLENT,0.8223225573415207,11876,15809,0.7512176608261117,1,1,11876,15809,0.08420343550016841,0.5536596736596736,1.3835133608505505,"[512, 512, 44]"
ISPY1_1235,ISPY,EXCELLENT,0.8680816980376451,22704,27236,0.8336025848142165,1,2,22704,27230,0.044045102184637065,0.24153191489361703,2.3899831392773603,"[512, 512, 44]"
ISPY1_1236,ISPY,EXCELLENT,0.8164130705911699,10018,14036,0.713736107153035,1,1,10018,14036,0.09982032341784787,0.4846637639090469,0.878703272436116,"[512, 512, 44]"
ISPY1_1238,ISPY,EXCELLENT,0.9148591777274199,20252,19905,1.0174328058276816,1,1,20252,19905,0.049377839225755484,0.42617845117845116,1.1125790126670159,"[256, 256, 64]"
ISPY2_105513,ISPY,EXCELLENT,0.9313583815028902,6580,7260,0.90633608815427,1,1,6580,7260,0.1519756838905775,0.6219281663516069,0.24101923409084722,"[384, 384, 160]"
ISPY2_108939,ISPY,EXCELLENT,0.8436156938860391,7099,7327,0.9688822164596698,3,1,6526,7327,0.4225947316523454,0.019724375538329026,19.22727933099944,"[384, 384, 160]"
ISPY2_108969,ISPY,GOOD,0.6984343671345079,13459,9982,1.3483269885794429,8,5,8816,9906,0.5943978007281373,0.07666324903167009,16.43691752335162,"[256, 256, 80]"
ISPY2_109874,ISPY,EXCELLENT,0.8593527628240827,7465,8696,0.858440662373505,1,3,7465,8688,0.13395847287340926,0.319017094017094,1.0455390712391812,"[256, 256, 80]"
ISPY2_109980,ISPY,GOOD,0.7680937549490577,7447,11496,0.6477905358385525,3,7,3531,7856,0.4028467839398415,0.2063109485815603,3.606610632208021,"[256, 256, 80]"
ISPY2_111004,ISPY,EXCELLENT,0.8625450180072028,25851,30793,0.8395089793134803,3,8,25687,29424,0.11604966925844262,0.18732608695652173,3.522674407939116,"[256, 256, 72]"
ISPY2_111674,ISPY,EXCELLENT,0.8790387182910547,5497,5738,0.9579993028929941,4,5,5330,5717,0.7276696379843551,0.030062893081761008,4.748806059844879,"[384, 384, 72]"
ISPY2_112606,ISPY,EXCELLENT,0.9420417400050289,15422,16394,0.9407100158594608,1,1,15422,16394,0.06484243288808196,0.41191239316239314,0.2056949706149658,"[384, 384, 160]"
ISPY2_115638,ISPY,EXCELLENT,0.8958234211125132,48152,48530,0.9922110035029879,4,13,45686,48465,0.0830702774547267,0.19471402691511386,2.0042042890191825,"[384, 384, 176]"
ISPY2_117424,ISPY,EXCELLENT,0.9171946449231447,8927,9224,0.9678013876843018,1,2,8927,9223,0.11201971546992272,0.44652861144457784,0.38809230989353344,"[256, 256, 134]"
ISPY2_120422,ISPY,EXCELLENT,0.8813421098619444,7743,9424,0.821625636672326,5,2,7623,9422,0.6457445434586078,0.03729086198094761,2.347716716481198,"[384, 384, 160]"
ISPY2_123660,ISPY,EXCELLENT,0.882529797057876,9694,8932,1.0853112404836542,5,1,8800,8932,0.51578295853105,0.029029601569167653,12.555106434546019,"[384, 384, 160]"
ISPY2_129973,ISPY,GOOD,0.7944067796610169,4812,6988,0.6886090440755581,2,4,4774,6967,0.4156275976724854,0.24942981546755133,8.644342373328623,"[256, 256, 64]"
ISPY2_132463,ISPY,EXCELLENT,0.9498849505328826,115561,125205,0.9229743221117368,1,9,115561,125167,0.00865343844376563,0.34730745881094205,0.9465682982319219,"[320, 320, 150]"
ISPY2_139771,ISPY,EXCELLENT,0.9556904737959253,91279,97642,0.9348333708854796,1,7,91279,97586,0.010955422386310105,0.5008449931412894,0.6964416605732949,"[312, 312, 78]"
ISPY2_141782,ISPY,EXCELLENT,0.8530675688031453,5218,5719,0.9123972722503935,4,3,4810,5717,0.7665772326561902,0.015859989544200072,9.049800463731989,"[256, 256, 160]"
ISPY2_144302,ISPY,GOOD,0.7319716548561901,1474,925,1.5935135135135134,1,1,1474,925,0.6784260515603799,0.4563467492260062,0.6061325530767643,"[256, 256, 134]"
ISPY2_145777,ISPY,EXCELLENT,0.9294599841806285,6937,6970,0.9952654232424677,1,1,6937,6970,0.1441545336600836,0.5144234334445681,0.12417770440364427,"[256, 256, 134]"
ISPY2_151230,ISPY,GOOD,0.7758868536981219,18553,24577,0.7548927859380722,5,13,18216,24454,0.26949819436209776,0.08343076590999028,6.922400077322782,"[256, 256, 80]"
ISPY2_151980,ISPY,MODERATE,0.5682749921160517,5485,13541,0.40506609556162765,2,4,5484,13535,0.3646308113035551,0.3731292517006803,6.685292242840176,"[384, 384, 160]"
ISPY2_152197,ISPY,EXCELLENT,0.8905146637826834,24974,22183,1.1258170671234728,2,2,24967,22174,0.08008328661808281,0.09974438852943526,1.7738338944888281,"[256, 256, 80]"
ISPY2_157270,ISPY,EXCELLENT,0.9135910954891623,6987,6669,1.0476833108412056,1,1,6987,6669,0.1431229426077,0.4633289124668435,0.14289796296713583,"[256, 256, 160]"
ISPY2_159352,ISPY,GOOD,0.7745518808381722,4599,3323,1.3839903701474572,3,1,3347,3323,0.6523157208088715,0.02924400526506553,22.172060574615948,"[256, 256, 160]"
ISPY2_166782,ISPY,EXCELLENT,0.925371142618849,14833,15142,0.9795931845198785,2,1,14820,15142,0.13483449066271153,0.3738909054244807,1.1325306699626063,"[256, 256, 64]"
ISPY2_169536,ISPY,GOOD,0.6808104886769965,2335,1860,1.2553763440860215,7,1,1562,1860,2.9978586723768736,0.031006825485353093,45.300164424223595,"[384, 384, 72]"
ISPY2_172168,ISPY,EXCELLENT,0.8887310606060606,8409,8487,0.9908094733121244,2,3,8408,8485,0.2378404090855036,0.4211237980769231,0.37624953310919274,"[384, 384, 160]"
ISPY2_180027,ISPY,EXCELLENT,0.9340367920051363,17377,18446,0.9420470562723626,1,2,17377,18443,0.057547332681130235,0.4936647727272727,0.3958429522248736,"[256, 256, 134]"
ISPY2_182346,ISPY,EXCELLENT,0.8975142660283024,27513,29090,0.9457889309040908,2,8,27299,27294,0.07269290880674589,0.19121121983765152,1.0777250625597743,"[384, 384, 144]"
ISPY2_188091,ISPY,EXCELLENT,0.931775597927918,4284,4789,0.894550010440593,1,1,4284,4789,0.2334267040149393,0.5527741935483871,0.34765169715791894,"[256, 256, 80]"
ISPY2_197942,ISPY,GOOD,0.7325201096084151,9292,13334,0.6968651567421629,14,7,8438,13312,1.506672406371072,0.007649228697284985,21.708620283825464,"[384, 384, 72]"
ISPY2_201831,ISPY,EXCELLENT,0.8200886262924668,1493,1892,0.7891120507399577,1,1,1493,1892,0.6697923643670461,0.5102529049897471,0.7244118674581959,"[320, 320, 150]"
ISPY2_202535,ISPY,EXCELLENT,0.9180481773218538,43667,43677,0.9997710465462372,5,9,43432,43640,0.11450294272562804,0.14938081554460864,0.6550320507465537,"[256, 256, 160]"
ISPY2_208265,ISPY,EXCELLENT,0.9149005676017804,23612,25366,0.9308523220058346,1,4,23612,25358,0.042351346772827377,0.2960752351097179,0.3890997712452553,"[384, 384, 160]"
ISPY2_212307,ISPY,EXCELLENT,0.8748878923766816,23534,25526,0.9219619211784064,18,19,22174,25441,0.7648508540834538,0.02475282931549497,13.869690037661876,"[384, 384, 160]"
ISPY2_213328,ISPY,EXCELLENT,0.808831138963951,9819,7574,1.2964087668339055,1,2,9819,7571,0.10184336490477644,0.3294082125603865,1.1906954022023628,"[312, 312, 80]"
ISPY2_220664,ISPY,EXCELLENT,0.9036417494336992,2758,2981,0.9251928882925193,1,1,2758,2981,0.36258158085569253,0.5211640211640212,0.12378962628875102,"[256, 256, 66]"
ISPY2_222135,ISPY,EXCELLENT,0.8895129063613781,17150,19886,0.8624157698883637,1,3,17150,19884,0.05830903790087464,0.44292355371900827,0.6318931613838684,"[256, 256, 134]"
ISPY2_229824,ISPY,GOOD,0.6746819733167856,14732,23944,0.6152689609087871,16,38,11911,23244,1.0860711376595167,0.07407481898632341,2.841669320071067,"[384, 384, 160]"
ISPY2_236470,ISPY,EXCELLENT,0.8690476190476191,4488,4920,0.9121951219512195,4,2,4169,4918,0.89126559714795,0.00383256605156031,16.573771417220627,"[384, 384, 176]"
ISPY2_237158,ISPY,EXCELLENT,0.9401998178674655,72551,78987,0.9185182371782699,1,1,72551,78987,0.013783407534010557,0.3784611371935316,1.0981301363801832,"[256, 256, 160]"
ISPY2_241705,ISPY,GOOD,0.7530584503851382,1822,2592,0.7029320987654321,1,1,1822,2592,0.548847420417124,0.269446909198462,5.380787772483602,"[256, 256, 66]"
ISPY2_253531,ISPY,EXCELLENT,0.9006875477463713,5193,5279,0.9837090358022352,1,1,5193,5279,0.19256691700365877,0.27635570219786065,0.698547422936228,"[384, 384, 160]"
ISPY2_255388,ISPY,EXCELLENT,0.8513286656020964,10673,13750,0.7762181818181818,1,1,10673,13750,0.093694368968425,0.2893195988072648,0.9542889621483064,"[384, 384, 160]"
ISPY2_259899,ISPY,EXCELLENT,0.8774395594420406,61624,70572,0.873207504392677,4,15,61421,70261,0.06490977541217707,0.17013428748122625,3.026879222406337,"[320, 320, 180]"
ISPY2_262131,ISPY,EXCELLENT,0.9181763061770751,426930,452143,0.9442366684876244,17,17,423843,451825,0.039819174103483006,0.20517589388696655,2.1069361558226274,"[312, 312, 136]"
ISPY2_264305,ISPY,GOOD,0.7474128198695434,57274,70278,0.8149634309456729,18,1,56807,70278,0.3142787303139295,0.11584546925566343,5.857934681251032,"[256, 256, 160]"
ISPY2_266509,ISPY,EXCELLENT,0.9374398460057748,3582,3691,0.9704687076672989,1,1,3582,3691,0.27917364600781686,0.49014778325123154,0.2674614033429378,"[256, 256, 72]"
ISPY2_275034,ISPY,EXCELLENT,0.9087565426510115,26822,29730,0.9021863437605113,2,1,26815,29730,0.0745656550592797,0.017984202974346594,0.3112645525389556,"[320, 320, 160]"
ISPY2_282644,ISPY,EXCELLENT,0.8851925962981491,3927,4069,0.9651019906610961,1,1,3927,4069,0.2546473134708429,0.37876157407407407,1.0749715060448828,"[256, 256, 72]"
ISPY2_283070,ISPY,EXCELLENT,0.9536345227288597,97765,102729,0.951678688588422,1,4,97765,102724,0.010228609420549276,0.49881883536656924,0.4104343110003322,"[384, 384, 160]"
ISPY2_301289,ISPY,EXCELLENT,0.8815780103966389,6760,7283,0.9281889331319512,2,2,6660,7274,0.2958579881656805,0.3901875901875902,0.642841823555698,"[256, 256, 64]"
ISPY2_301968,ISPY,EXCELLENT,0.9494556035291909,21481,21135,1.0163709486633545,1,3,21481,21130,0.04655276756203156,0.48466866722321245,0.6599610488463951,"[320, 320, 150]"
ISPY2_307659,ISPY,EXCELLENT,0.9020332717190388,8602,9251,0.929845422116528,1,1,8602,9251,0.11625203441060218,0.43053053053053053,0.7569092562137476,"[256, 256, 160]"
ISPY2_313672,ISPY,EXCELLENT,0.9204640371229699,5436,5339,1.0181681962914404,1,1,5436,5339,0.18395879323031641,0.4674922600619195,0.2782969763247892,"[256, 256, 66]"
ISPY2_317641,ISPY,GOOD,0.746031746031746,7555,10085,0.7491323748140803,1,1,7555,10085,0.13236267372600927,0.24983465608465608,2.400952518840199,"[256, 256, 80]"
ISPY2_318293,ISPY,GOOD,0.7700854700854701,2413,2267,1.0644022937803264,13,4,2305,2209,5.387484459179445,0.00584499263622975,1.1515369400504492,"[320, 320, 72]"
ISPY2_318438,ISPY,EXCELLENT,0.8756710590531966,7844,8548,0.9176415535797847,1,3,7844,8543,0.12748597654258031,0.2491186839012926,0.6584800707119761,"[256, 256, 160]"
ISPY2_326433,ISPY,EXCELLENT,0.9174612347105846,5178,5205,0.9948126801152738,1,2,5178,5203,0.19312475859405176,0.466991341991342,0.32494186685914933,"[384, 384, 160]"
ISPY2_327142,ISPY,EXCELLENT,0.8385946018711719,14517,15197,0.9552543265118115,5,6,14471,15124,0.3444237790177034,0.21375563212297907,1.4420465742541055,"[256, 256, 80]"
ISPY2_332655,ISPY,GOOD,0.6756399471217401,9839,6803,1.446273702778186,17,1,5746,6803,1.7278178676694784,0.014942350682801185,81.02025739898517,"[384, 384, 72]"
ISPY2_345460,ISPY,EXCELLENT,0.9309391407002392,16033,16156,0.9923867293884625,1,9,16033,16097,0.06237135907191417,0.3606162843004948,0.3924191554972892,"[320, 320, 180]"
ISPY2_353318,ISPY,EXCELLENT,0.9432416910130597,19187,20860,0.9197986577181209,1,2,19187,20858,0.05211862198363475,0.4879084551811825,0.37077572817888327,"[256, 256, 64]"
ISPY2_356399,ISPY,EXCELLENT,0.9158241100807658,70192,80243,0.8747429682339892,2,4,70190,80238,0.02849327558696148,0.06096866096866097,1.6285745216070535,"[312, 312, 134]"
ISPY2_362150,ISPY,EXCELLENT,0.915781886189632,24206,27125,0.8923870967741936,1,8,24206,27111,0.041312071387259355,0.403030303030303,0.46681563923547037,"[256, 256, 72]"
ISPY2_374106,ISPY,EXCELLENT,0.8916845658177355,3424,3094,1.1066580478345185,1,1,3424,3094,0.29205607476635514,0.35834641548927265,0.5462371175544245,"[256, 256, 134]"
ISPY2_375342,ISPY,EXCELLENT,0.9470753035062399,29362,29533,0.9942098669285206,1,2,29362,29531,0.034057625502349975,0.4010325611888112,0.439912338683852,"[320, 320, 180]"
ISPY2_409288,ISPY,EXCELLENT,0.9282553572316412,9925,10188,0.9741853160581075,1,4,9925,10167,0.10075566750629722,0.3771469828241374,0.34482953421962836,"[256, 256, 64]"
ISPY2_418593,ISPY,GOOD,0.7746447950318351,14530,17353,0.8373191955281507,18,45,11947,12280,1.2388162422573985,0.009937026743117259,4.965664024130627,"[384, 384, 176]"
ISPY2_427321,ISPY,EXCELLENT,0.9643847093733636,69460,73765,0.9416389886802684,1,6,69460,73751,0.01439677512237259,0.38460686600221483,0.35128615184789297,"[256, 256, 100]"
ISPY2_435313,ISPY,EXCELLENT,0.8908748824082785,3925,4579,0.8571740554706268,1,1,3925,4579,0.25477707006369427,0.471981721981722,0.573294592368863,"[384, 384, 72]"
ISPY2_443708,ISPY,EXCELLENT,0.9432345929236444,130947,143375,0.9133182214472537,1,5,130947,143331,0.007636677434381849,0.37889756944444447,0.14682975249537145,"[256, 256, 88]"
ISPY2_453596,ISPY,EXCELLENT,0.9536797878568722,14683,14354,1.022920440295388,1,1,14683,14354,0.0681059728938228,0.3529567307692308,0.42825695862089,"[256, 256, 72]"
ISPY2_467622,ISPY,EXCELLENT,0.9182002119664707,10069,10689,0.9419964449433997,3,2,10067,8921,0.29794418512265364,0.3676024971706035,0.3066082473831357,"[256, 256, 64]"
ISPY2_495440,ISPY,EXCELLENT,0.8854664513668563,62386,60853,1.0251918557836097,9,4,61099,59890,0.14426313595999102,0.1596256144022803,1.3407118427790585,"[256, 256, 80]"
ISPY2_501303,ISPY,GOOD,0.7527703703703704,13510,20240,0.6674901185770751,1,5,13510,19722,0.07401924500370097,0.42229307326831705,8.531778845281256,"[256, 256, 128]"
ISPY2_516763,ISPY,EXCELLENT,0.82528280075964,21568,26876,0.8025003720791785,10,32,20882,26498,0.46364985163204747,0.138040500755229,8.334988923098036,"[256, 256, 72]"
ISPY2_520471,ISPY,EXCELLENT,0.8775974025974026,10996,13644,0.8059220170038112,4,5,10986,13639,0.36376864314296103,0.24564382092753106,2.645772522040316,"[384, 384, 160]"
ISPY2_527581,ISPY,GOOD,0.7833400080096116,9913,15057,0.6583648801222023,2,10,9830,11426,0.20175527085645112,0.10045092972589553,15.876329953107264,"[384, 384, 144]"
ISPY2_531988,ISPY,EXCELLENT,0.8727962085308056,10087,11013,0.9159175519840189,1,4,10087,10999,0.0991375037176564,0.3007453786523554,1.7629104049991469,"[256, 256, 72]"
ISPY2_532183,ISPY,EXCELLENT,0.9114723328725971,91101,104962,0.8679426840189783,1,3,91101,104959,0.010976827916268757,0.41534905350694823,2.8589161815709527,"[256, 256, 134]"
ISPY2_539904,ISPY,EXCELLENT,0.8452194357366771,7345,7967,0.9219279528053219,1,7,7345,7941,0.13614703880190607,0.42773119030980666,3.0936947806693595,"[256, 256, 80]"
ISPY2_550421,ISPY,EXCELLENT,0.9636865884399488,251833,244843,1.0285489068505125,1,3,251833,244839,0.003970885467750453,0.464471995160386,0.4354746268840363,"[256, 256, 160]"
ISPY2_564701,ISPY,GOOD,0.793537201667343,13411,13698,0.9790480362096656,2,2,13396,13697,0.1491313101185594,0.22387486645299146,2.3997515531475644,"[384, 384, 160]"
ISPY2_573919,ISPY,EXCELLENT,0.8407960199004975,7441,8639,0.8613265424238916,1,2,7441,8629,0.134390538906061,0.30636528326745716,3.8659834139475135,"[256, 256, 80]"
ISPY2_579881,ISPY,EXCELLENT,0.8668606702960387,77381,95468,0.8105438471529727,3,2,77372,95465,0.038769206911257285,0.2983651436283015,2.1725446206589183,"[256, 256, 80]"
ISPY2_597253,ISPY,EXCELLENT,0.8458936049594938,24564,30119,0.815564925794349,1,18,24564,30000,0.04070998208760788,0.40202945990180033,3.271213583490809,"[256, 256, 160]"
ISPY2_597873,ISPY,EXCELLENT,0.8839881028235357,210564,205333,1.0254756907072902,29,34,209597,202842,0.13772534716285786,0.1743983223094087,3.291713461624057,"[256, 256, 64]"
ISPY2_598835,ISPY,EXCELLENT,0.942764895802759,36439,38515,0.9460989224977282,1,1,36439,38515,0.027443124125250417,0.44762606719488973,0.7821754125257493,"[256, 256, 134]"
ISPY2_622078,ISPY,EXCELLENT,0.9575797435054259,145657,155402,0.9372916693478849,1,1,145657,155402,0.006865444159909925,0.45748844163023267,0.4181602477911739,"[384, 384, 144]"
ISPY2_624777,ISPY,GOOD,0.7418338882389993,9297,12929,0.7190811354319746,1,1,9297,12929,0.10756157900397977,0.3343402740317186,2.3491171642932676,"[256, 256, 160]"
ISPY2_628788,ISPY,EXCELLENT,0.9201939213126982,44463,41345,1.0754141976055145,2,3,44461,41338,0.04498122034050784,0.4779734262125903,1.8448141434943741,"[256, 256, 158]"
ISPY2_631337,ISPY,EXCELLENT,0.9011939149792246,208181,202401,1.0285571711602215,17,6,201203,202101,0.08165970957964463,0.06811157969814852,2.0088711135712534,"[384, 384, 176]"
ISPY2_638126,ISPY,GOOD,0.6118149619305915,77844,52313,1.488043125035842,29,2,77016,52252,0.37253995169826837,0.09029317094388865,11.857564533466737,"[256, 256, 72]"
ISPY2_639663,ISPY,GOOD,0.7486877751439215,23887,23361,1.0225161594109842,4,1,18151,23361,0.16745510110101727,0.011984246437888821,44.01482956677637,"[384, 384, 72]"
ISPY2_641246,ISPY,EXCELLENT,0.8623249893932966,4799,4629,1.0367249945992656,8,1,4768,4629,1.6670139612419252,0.01936173646413298,1.8864528249816672,"[384, 384, 176]"
ISPY2_654021,ISPY,EXCELLENT,0.8513289036544851,1255,1153,1.08846487424111,1,1,1255,1153,0.7968127490039841,0.6972222222222222,1.2565174243053117,"[256, 256, 80]"
ISPY2_664111,ISPY,EXCELLENT,0.8661157024793389,3741,4729,0.7910763374920702,2,6,3723,4332,0.5346164127238706,0.25469771241830064,0.9514025492371994,"[256, 256, 72]"
ISPY2_666450,ISPY,GOOD,0.7511742022254678,38622,56549,0.6829828997860263,5,32,37079,45283,0.1294598933250479,0.12471905758350771,8.588354696830923,"[256, 256, 80]"
ISPY2_685795,ISPY,EXCELLENT,0.9056107189855246,7992,8726,0.9158835663534265,1,3,7992,8723,0.12512512512512514,0.3948616600790514,0.674058941892881,"[256, 256, 134]"
ISPY2_689452,ISPY,GOOD,0.6763306406993471,3358,5679,0.591301285437577,4,20,1855,5589,1.1911852293031566,0.15585259444908567,0.66261959209473,"[256, 256, 64]"
ISPY2_725455,ISPY,EXCELLENT,0.9581641810179052,11408,11993,0.951221545901776,2,3,11407,11991,0.1753155680224404,0.447723704866562,0.3092468323800106,"[256, 256, 160]"
ISPY2_726940,ISPY,EXCELLENT,0.9032539336530458,11659,13572,0.8590480400825229,1,3,11659,13566,0.08577064928381507,0.4853063603063603,0.8456253395025227,"[256, 256, 80]"
ISPY2_727255,ISPY,EXCELLENT,0.9115877293366311,38433,42834,0.8972545174394173,2,2,38361,42833,0.052038612650586735,0.18955669981060605,0.7135996652942591,"[256, 256, 80]"
ISPY2_736721,ISPY,EXCELLENT,0.916176201791263,38546,43519,0.8857280727957904,1,10,38546,43487,0.02594302910807866,0.497566768642941,0.8667063970223144,"[256, 256, 160]"
ISPY2_745633,ISPY,EXCELLENT,0.9050236966824644,2718,2557,1.0629644114196324,2,1,2696,2557,0.7358351729212657,0.03137662337662338,0.8601864862013855,"[320, 320, 72]"
ISPY2_783578,ISPY,EXCELLENT,0.8647478349465104,3559,4293,0.8290239925460051,1,1,3559,4293,0.2809778027535825,0.41870588235294115,0.6714575295904468,"[256, 256, 160]"
ISPY2_783771,ISPY,EXCELLENT,0.931213351375733,18291,17181,1.064606251091322,1,1,18291,17181,0.05467169646274124,0.5123529411764706,1.7490476792893113,"[256, 256, 66]"
ISPY2_791321,ISPY,EXCELLENT,0.9573475429248076,21151,21074,1.0036537914017272,4,1,20976,21074,0.18911635383669803,0.059070445506948475,0.8907370877807073,"[384, 384, 144]"
ISPY2_793155,ISPY,GOOD,0.7487918215613383,12203,9317,1.3097563593431363,4,1,12194,9317,0.3277882487912808,0.3923289609053498,3.205500526168919,"[256, 256, 160]"
ISPY2_801641,ISPY,EXCELLENT,0.8536702382856229,26978,29299,0.9207822792586777,11,11,24869,26599,0.40773963970642746,0.10717463848720801,0.9902429515049381,"[256, 256, 126]"
ISPY2_814299,ISPY,GOOD,0.7702198257984239,1908,2914,0.6547700754975978,3,2,1894,2564,1.5723270440251573,0.08724279835390947,4.881613365862214,"[256, 256, 80]"
ISPY2_828199,ISPY,EXCELLENT,0.8007445775331823,17630,19438,0.906986315464554,23,34,5225,5119,1.3045944412932502,0.05966562880736429,2.6688930288378745,"[256, 256, 90]"
ISPY2_830486,ISPY,EXCELLENT,0.9477730376668948,34320,34361,0.9988067867640639,1,2,34320,34359,0.029137529137529136,0.31556879620434736,0.48231140255039856,"[256, 256, 160]"
ISPY2_846156,ISPY,EXCELLENT,0.885716308374826,41940,42814,0.9795861166908021,17,1,39828,42814,0.4053409632808775,0.03197901615344438,10.904868943648975,"[384, 384, 160]"
ISPY2_859699,ISPY,VERY_POOR,0.0,0,4551,0.0,0,1,0,4551,0.0,0.0,inf,"[384, 384, 144]"
ISPY2_863161,ISPY,EXCELLENT,0.9320081738807356,20863,22201,0.9397324444844827,7,4,20302,22195,0.33552221636389784,0.022812312066043408,6.325646347301243,"[384, 384, 160]"
ISPY2_870077,ISPY,EXCELLENT,0.8980377994462502,7793,8821,0.8834599251785512,1,2,7793,8818,0.12832028743744386,0.3299881436314363,1.378763398622003,"[256, 256, 72]"
ISPY2_872188,ISPY,EXCELLENT,0.9342681858019282,8730,9526,0.9164392189796347,1,1,8730,9526,0.1145475372279496,0.3299319727891156,1.0840993043872944,"[256, 256, 72]"
ISPY2_877463,ISPY,EXCELLENT,0.9031449300343168,29745,34072,0.8730042263442123,3,3,29458,34069,0.10085728693898134,0.04185663627152989,2.207406491051974,"[384, 384, 160]"
ISPY2_887594,ISPY,EXCELLENT,0.9575256021568027,51526,49735,1.0360108575449885,1,5,51526,49715,0.019407677677289133,0.4510329131652661,0.4716662129326648,"[256, 256, 160]"
ISPY2_894673,ISPY,POOR,0.2654758238373884,40909,7796,5.247434581836839,58,5,30715,7788,1.417780928402063,0.01254261712043169,204.6836142462557,"[384, 384, 160]"
ISPY2_896621,ISPY,EXCELLENT,0.8870265914585012,6192,6218,0.9958185911868768,2,1,6179,6218,0.32299741602067183,0.11025641025641025,1.7793333799369053,"[384, 384, 160]"
ISPY2_916586,ISPY,EXCELLENT,0.8321215885426181,12454,14917,0.8348863712542737,3,3,11720,14908,0.24088646218082543,0.024556837227644682,9.689468444685609,"[384, 384, 144]"
ISPY2_930172,ISPY,EXCELLENT,0.948323063050746,146411,160786,0.9105954498525991,1,5,146411,160779,0.006830087903231315,0.47165453256877776,1.5593534197117487,"[256, 256, 116]"
ISPY2_960490,ISPY,EXCELLENT,0.9576338928856915,35159,36148,0.9726402567223636,2,2,35019,36144,0.05688443926163998,0.053904591066240445,0.8936594819122357,"[384, 384, 160]"
ISPY2_962472,ISPY,EXCELLENT,0.8115063653529877,34066,31602,1.077969748750079,1,1,34066,31602,0.029354781893970526,0.4312042733095365,4.86042691378136,"[256, 256, 64]"
ISPY2_973837,ISPY,EXCELLENT,0.8171064204045735,21054,24426,0.8619503807418325,2,1,21038,24426,0.09499382540134892,0.27834479111581173,1.7692074011598342,"[256, 256, 160]"
ISPY2_981461,ISPY,EXCELLENT,0.9227990970654627,13510,13070,1.0336648814078042,1,1,13510,13070,0.07401924500370097,0.35816542948038177,0.504386084352187,"[256, 256, 160]"
ISPY2_981664,ISPY,EXCELLENT,0.8963743263106321,22489,26495,0.8488016606906964,1,3,22489,25389,0.04446618346747298,0.3367625037436358,3.316471258743974,"[256, 256, 160]"
ISPY2_986734,ISPY,EXCELLENT,0.9201989210568409,67345,70197,0.9593714831118139,12,8,67132,70142,0.17818694780607322,0.11955547270968143,0.374329398692303,"[256, 256, 160]"
ISPY2_991818,ISPY,EXCELLENT,0.8851521390986045,4133,4609,0.8967238012584074,1,1,4133,4609,0.24195499637067505,0.31915057915057915,0.9241025418153124,"[320, 320, 90]"
NACT_02,NACT,EXCELLENT,0.949555073358151,50333,50133,1.0039893882273154,2,3,50332,50130,0.03973536248584428,0.3485254506048457,0.21037993785136802,"[256, 256, 60]"
NACT_08,NACT,EXCELLENT,0.8874933190807055,67614,82066,0.8238978383252504,3,6,67595,82061,0.044369509273227435,0.2421878358048571,1.615251594106116,"[256, 256, 60]"
NACT_09,NACT,EXCELLENT,0.9217611076517344,27377,27225,1.0055831037649219,1,4,27377,26517,0.03652701172517076,0.22036285778679288,1.3983846949656693,"[256, 256, 60]"
NACT_13,NACT,EXCELLENT,0.8576000948344842,35217,32269,1.0913570299668411,6,29,34725,32133,0.17037226339551922,0.08108108108108109,1.9601690085115544,"[256, 256, 60]"
NACT_17,NACT,GOOD,0.717538611806361,6377,10004,0.6374450219912036,1,2,6377,10003,0.15681354869060687,0.09332923545252313,8.054096678202837,"[256, 256, 60]"
NACT_18,NACT,EXCELLENT,0.8903185799550423,12733,13069,0.9742903053026245,1,3,12733,13048,0.0785360873321291,0.14022510021584952,2.401000120947383,"[256, 256, 60]"
NACT_27,NACT,EXCELLENT,0.8656281661600811,6915,8877,0.7789793849273403,1,1,6915,8877,0.14461315979754158,0.5184435447593342,1.5564257552693508,"[256, 256, 60]"
NACT_28,NACT,GOOD,0.7638796495162793,21458,31155,0.688749799390146,11,29,21287,30788,0.5126293223972411,0.1307752783652176,6.380689449372265,"[256, 256, 60]"
NACT_29,NACT,EXCELLENT,0.9190984209219323,101728,103645,0.9815041728978725,2,22,101723,103512,0.01966027052532243,0.22250218722659668,2.3792694757515704,"[256, 256, 60]"
NACT_32,NACT,EXCELLENT,0.9123510069872586,9039,10425,0.8670503597122302,1,1,9039,10425,0.11063170704723974,0.4244857706396168,0.5930703724262577,"[256, 256, 60]"
NACT_39,NACT,EXCELLENT,0.9078447950207768,26429,29162,0.906282148000823,1,1,26429,29162,0.0378372242612282,0.29136992040217846,0.6393322656556778,"[256, 256, 60]"
NACT_41,NACT,EXCELLENT,0.9574415043270772,13916,14163,0.982560192049707,1,1,13916,14163,0.07185972980741592,0.48592778825336963,0.27754144864077845,"[256, 256, 60]"
NACT_44,NACT,EXCELLENT,0.953561853695902,21081,20695,1.0186518482725295,1,1,21081,20695,0.047436079882358526,0.3899556048834628,0.5880039957194045,"[256, 256, 60]"
NACT_55,NACT,EXCELLENT,0.9110233829334953,8541,7924,1.0778647147905098,1,2,8541,7922,0.11708230886313077,0.2290057915057915,0.25418351414936796,"[256, 256, 60]"
NACT_57,NACT,EXCELLENT,0.9241643236488597,37047,39777,0.9313673731050607,1,18,37047,39674,0.026992738953221587,0.23388257575757576,0.6428977709118662,"[256, 256, 60]"
NACT_60,NACT,MODERATE,0.4137364250073378,13330,3705,3.5978407557354926,2,1,9280,3705,0.15003750937734434,0.046206267829969255,75.36000321064303,"[256, 256, 60]"
NACT_67,NACT,EXCELLENT,0.8729402677651905,8328,7208,1.1553829078801332,1,1,8328,7208,0.12007684918347744,0.47210884353741495,0.9879874666486117,"[256, 256, 60]"
